adauga_autor,2026-06-05T06:23:30.024078975
adauga_autor,2026-06-05T06:23:30.032984900
adauga_item,2026-06-05T06:23:30.036152758
adauga_item,2026-06-05T06:23:30.038909709
adauga_item,2026-06-05T06:23:30.041437154
inregistreaza_cititor,2026-06-05T06:23:30.044356901
inregistreaza_cititor,2026-06-05T06:23:30.047076649
listeaza_catalog,2026-06-05T06:23:30.047290154
grupeaza_dupa_tip,2026-06-05T06:23:30.056756186
cauta_item,2026-06-05T06:23:30.058580246
verifica_disponibilitate,2026-06-05T06:23:30.059710199
imprumuta_item,2026-06-05T06:23:30.066195697
afiseaza_imprumuturi,2026-06-05T06:23:30.068313968
returneaza_item,2026-06-05T06:23:30.086924919
verifica_disponibilitate,2026-06-05T06:23:30.087237806
elimina_cititor,2026-06-05T06:23:30.091730115
finalizare_demo,2026-06-05T06:23:30.092065506
adauga_autor,2026-06-05T06:23:53.172816360
adauga_autor,2026-06-05T06:23:53.180552375
adauga_item,2026-06-05T06:23:53.183793600
adauga_item,2026-06-05T06:23:53.186779870
adauga_item,2026-06-05T06:23:53.189491076
inregistreaza_cititor,2026-06-05T06:23:53.192709637
inregistreaza_cititor,2026-06-05T06:23:53.195193621
listeaza_catalog,2026-06-05T06:23:53.195374863
grupeaza_dupa_tip,2026-06-05T06:23:53.204159615
cauta_item,2026-06-05T06:23:53.205884896
verifica_disponibilitate,2026-06-05T06:23:53.206957499
imprumuta_item,2026-06-05T06:23:53.212053366
afiseaza_imprumuturi,2026-06-05T06:23:53.214034093
returneaza_item,2026-06-05T06:23:53.234312047
verifica_disponibilitate,2026-06-05T06:23:53.234595357
elimina_cititor,2026-06-05T06:23:53.238492977
finalizare_demo,2026-06-05T06:23:53.238797959
adauga_autor,2026-06-05T06:27:01.337920648
adauga_autor,2026-06-05T06:27:01.345516287
adauga_item,2026-06-05T06:27:01.348194347
adauga_item,2026-06-05T06:27:01.350877506
adauga_item,2026-06-05T06:27:01.353477471
inregistreaza_cititor,2026-06-05T06:27:01.356554598
inregistreaza_cititor,2026-06-05T06:27:01.358788898
listeaza_catalog,2026-06-05T06:27:01.358914871
grupeaza_dupa_tip,2026-06-05T06:27:01.366152698
cauta_item,2026-06-05T06:27:01.367835358
verifica_disponibilitate,2026-06-05T06:27:01.368800672
imprumuta_item,2026-06-05T06:27:01.375054902
afiseaza_imprumuturi,2026-06-05T06:27:01.376504822
returneaza_item,2026-06-05T06:27:01.391297262
verifica_disponibilitate,2026-06-05T06:27:01.391707159
elimina_cititor,2026-06-05T06:27:01.396760800
finalizare_demo,2026-06-05T06:27:01.397189863
adauga_autor,2026-06-05T06:27:36.108631533
adauga_autor,2026-06-05T06:27:36.116465905
adauga_item,2026-06-05T06:27:36.119291367
adauga_item,2026-06-05T06:27:36.121678464
adauga_item,2026-06-05T06:27:36.124159826
inregistreaza_cititor,2026-06-05T06:27:36.127254358
inregistreaza_cititor,2026-06-05T06:27:36.130127709
listeaza_catalog,2026-06-05T06:27:36.130327560
grupeaza_dupa_tip,2026-06-05T06:27:36.139949555
cauta_item,2026-06-05T06:27:36.142045661
verifica_disponibilitate,2026-06-05T06:27:36.143228971
imprumuta_item,2026-06-05T06:27:36.148758479
afiseaza_imprumuturi,2026-06-05T06:27:36.150152991
returneaza_item,2026-06-05T06:27:36.166009074
verifica_disponibilitate,2026-06-05T06:27:36.166555159
elimina_cititor,2026-06-05T06:27:36.172998295
finalizare_demo,2026-06-05T06:27:36.173424898
adauga_autor,2026-06-05T06:31:10.581298623
adauga_autor,2026-06-05T06:31:10.587524148
adauga_item,2026-06-05T06:31:10.590466276
adauga_item,2026-06-05T06:31:10.593212452
adauga_item,2026-06-05T06:31:10.595935513
inregistreaza_cititor,2026-06-05T06:31:10.599774615
inregistreaza_cititor,2026-06-05T06:31:10.602622043
listeaza_catalog,2026-06-05T06:31:10.602810040
grupeaza_dupa_tip,2026-06-05T06:31:10.612701207
cauta_item,2026-06-05T06:31:10.614629089
verifica_disponibilitate,2026-06-05T06:31:10.615790565
imprumuta_item,2026-06-05T06:31:10.620795751
afiseaza_imprumuturi,2026-06-05T06:31:10.622410568
returneaza_item,2026-06-05T06:31:10.640773485
verifica_disponibilitate,2026-06-05T06:31:10.641101829
elimina_cititor,2026-06-05T06:31:10.645671959
finalizare_demo,2026-06-05T06:31:10.646046350
adauga_autor,2026-06-05T06:33:00.180400062
adauga_autor,2026-06-05T06:33:00.188813453
adauga_item,2026-06-05T06:33:00.191777655
adauga_item,2026-06-05T06:33:00.194345390
adauga_item,2026-06-05T06:33:00.196924326
inregistreaza_cititor,2026-06-05T06:33:00.199823995
inregistreaza_cititor,2026-06-05T06:33:00.202518251
listeaza_catalog,2026-06-05T06:33:00.202665563
grupeaza_dupa_tip,2026-06-05T06:33:00.210782167
cauta_item,2026-06-05T06:33:00.212477345
verifica_disponibilitate,2026-06-05T06:33:00.213711863
imprumuta_item,2026-06-05T06:33:00.219928708
afiseaza_imprumuturi,2026-06-05T06:33:00.222142567
returneaza_item,2026-06-05T06:33:00.243764698
verifica_disponibilitate,2026-06-05T06:33:00.244031177
elimina_cititor,2026-06-05T06:33:00.248274402
finalizare_demo,2026-06-05T06:33:00.248591318
adauga_autor,2026-06-05T06:34:49.473382405
adauga_autor,2026-06-05T06:34:49.480884908
adauga_item,2026-06-05T06:34:49.483866575
adauga_item,2026-06-05T06:34:49.488185855
adauga_item,2026-06-05T06:34:49.491385780
inregistreaza_cititor,2026-06-05T06:34:49.494293965
inregistreaza_cititor,2026-06-05T06:34:49.497051612
listeaza_catalog,2026-06-05T06:34:49.497213633
grupeaza_dupa_tip,2026-06-05T06:34:49.506006410
cauta_item,2026-06-05T06:34:49.508247807
verifica_disponibilitate,2026-06-05T06:34:49.509359218
imprumuta_item,2026-06-05T06:34:49.515100605
afiseaza_imprumuturi,2026-06-05T06:34:49.516866971
returneaza_item,2026-06-05T06:34:49.536027685
verifica_disponibilitate,2026-06-05T06:34:49.536418394
elimina_cititor,2026-06-05T06:34:49.540635288
finalizare_demo,2026-06-05T06:34:49.541070422
adauga_autor,2026-06-05T06:35:05.311954104
adauga_autor,2026-06-05T06:35:05.319121280
adauga_item,2026-06-05T06:35:05.322100354
adauga_item,2026-06-05T06:35:05.324799511
adauga_item,2026-06-05T06:35:05.327208070
inregistreaza_cititor,2026-06-05T06:35:05.330894430
inregistreaza_cititor,2026-06-05T06:35:05.333386290
listeaza_catalog,2026-06-05T06:35:05.333516660
grupeaza_dupa_tip,2026-06-05T06:35:05.345086861
cauta_item,2026-06-05T06:35:05.347772101
verifica_disponibilitate,2026-06-05T06:35:05.349336521
imprumuta_item,2026-06-05T06:35:05.356069324
afiseaza_imprumuturi,2026-06-05T06:35:05.357887531
returneaza_item,2026-06-05T06:35:05.373240347
verifica_disponibilitate,2026-06-05T06:35:05.373505255
elimina_cititor,2026-06-05T06:35:05.377626519
finalizare_demo,2026-06-05T06:35:05.377967373
adauga_autor,2026-06-05T09:18:21.796642670
adauga_autor,2026-06-05T09:18:21.804563436
adauga_item,2026-06-05T09:18:21.808467567
adauga_item,2026-06-05T09:18:21.811343884
adauga_item,2026-06-05T09:18:21.815144741
inregistreaza_cititor,2026-06-05T09:18:21.819825064
inregistreaza_cititor,2026-06-05T09:18:21.822844801
listeaza_catalog,2026-06-05T09:18:21.823037353
grupeaza_dupa_tip,2026-06-05T09:18:21.840364040
cauta_item,2026-06-05T09:18:21.843758733
verifica_disponibilitate,2026-06-05T09:18:21.845285318
imprumuta_item,2026-06-05T09:18:21.853979960
afiseaza_imprumuturi,2026-06-05T09:18:21.860082111
afiseaza_imprumuturi_active_detalii,2026-06-05T09:18:21.871535729
afiseaza_cititori_cu_numar_imprumuturi,2026-06-05T09:18:21.876166669
afiseaza_top_iteme_imprumutate,2026-06-05T09:18:21.878379887
returneaza_item,2026-06-05T09:18:21.886440957
verifica_disponibilitate,2026-06-05T09:18:21.886890483
elimina_cititor,2026-06-05T09:18:21.892259373
finalizare_demo,2026-06-05T09:18:21.893412244
